Header Information,,,,,,,,,,,,,,,,,,,,,,,,,,,,,,,,,,,,
Header start row,1,,0,,,,,,,,,,,,,,,,,,,,,,,,,,,,,,,,,
Header end row,37,,1,,,,,,,,,,,,,,,,,,,,,,,,,,,,,,,,,
Header start col,1,,2,,,,,,,,,,,,,,,,,,,,,,,,,,,,,,,,,
Header end col,1,,3,,,,,,,,,,,,,,,,,,,,,,,,,,,,,,,,,
Start row Doxy,41,DoxySettingParam,4,,,,,,,,,,,,,,,,,,,,,,,,,,,,,,,,,
End row Doxy,47,,5,,,,,,,,,,,,,,,,,,,,,,,,,,,,,,,,,
Start col Doxy,1,,6,,,,,,,,,,,,,,,,,,,,,,,,,,,,,,,,,
End col Doxy,2,,7,,,,,,,,,,,,,,,,,,,,,,,,,,,,,,,,,
Start row layout_xml,51,LayoutSettingParam,8,,,,,,,,,,,,,,,,,,,,,,,,,,,,,,,,,
End row layout_xml,76,,9,,,,,,,,,,,,,,,,,,,,,,,,,,,,,,,,,
Start col layout_xml,1,,10,,,,,,,,,,,,,,,,,,,,,,,,,,,,,,,,,
End col layout_xml,2,,11,,,,,,,,,,,,,,,,,,,,,,,,,,,,,,,,,
Start row header_html,80,HeaderSettingParam,12,,,,,,,,,,,,,,,,,,,,,,,,,,,,,,,,,
End row header_html,83,,13,,,,,,,,,,,,,,,,,,,,,,,,,,,,,,,,,
Start col header_html,1,,14,,,,,,,,,,,,,,,,,,,,,,,,,,,,,,,,,
End col header_html,2,,15,,,,,,,,,,,,,,,,,,,,,,,,,,,,,,,,,
Start row custom_js,87,CustomScriptSettingParam,16,,,,,,,,,,,,,,,,,,,,,,,,,,,,,,,,,
End row custom_js,90,,17,,,,,,,,,,,,,,,,,,,,,,,,,,,,,,,,,
Start col custom_js,1,,18,,,,,,,,,,,,,,,,,,,,,,,,,,,,,,,,,
End col custom_js,2,,19,,,,,,,,,,,,,,,,,,,,,,,,,,,,,,,,,
Start row open_batch,94,OpenBatch,20,,,,,,,,,,,,,,,,,,,,,,,,,,,,,,,,,
End row open_batch,95,,21,,,,,,,,,,,,,,,,,,,,,,,,,,,,,,,,,
Start col open_batch,1,,22,,,,,,,,,,,,,,,,,,,,,,,,,,,,,,,,,
End col open_batch,2,,23,,,,,,,,,,,,,,,,,,,,,,,,,,,,,,,,,
Start row remove_batch,99,RemoveBatch,24,,,,,,,,,,,,,,,,,,,,,,,,,,,,,,,,,
End row remove_batch,102,,25,,,,,,,,,,,,,,,,,,,,,,,,,,,,,,,,,
Start col remove_batch,1,,26,,,,,,,,,,,,,,,,,,,,,,,,,,,,,,,,,
End col remove_batch,2,,27,,,,,,,,,,,,,,,,,,,,,,,,,,,,,,,,,
Contents start row,107,〇 Contents,28,,,,,,,,,,,,,,,,,,,,,,,,,,,,,,,,,
Contents end row,108,,29,,,,,,,,,,,,,,,,,,,,,,,,,,,,,,,,,
Contents start col,2,,30,,,,,,,,,,,,,,,,,,,,,,,,,,,,,,,,,
Contents end col,36,,31,,,,,,,,,,,,,,,,,,,,,,,,,,,,,,,,,
Generated Directory,doxy,,32,,,,,,,,,,,,,,,,,,,,,,,,,,,,,,,,,
MainPage,README.md,,33,,,,,,,,,,,,,,,,,,,,,,,,,,,,,,,,,
Setup,SETUP.md,,34,,,,,,,,,,,,,,,,,,,,,,,,,,,,,,,,,
How to,HOWTO.md,,35,,,,,,,,,,,,,,,,,,,,,,,,,,,,,,,,,
LICENSE,LICENSE.md,,36,,,,,,,,,,,,,,,,,,,,,,,,,,,,,,,,,
,,,,,,,,,,,,,,,,,,,,,,,,,,,,,,,,,,,,
DoxySettingParam,,,,,,,,,,,,,,,,,,,,,,,,,,,,,,,,,,,,
,tag,col,,,,,,,,,,,,,,,,,,,,,,,,,,,,,,,,,,
File,Doxyfile,7,,,,,,,,,,,,,,,,,,,,,,,,,,,,,,,,,,
Param1,OUTPUT_LANGUAGE,1,,,,,,,,,,,,,,,,,,,,,,,,,,,,,,,,,,
Param2,OUTPUT_DIRECTORY,2,,,,,,,,,,,,,,,,,,,,,,,,,,,,,,,,,,
Param3,WARN_LOGFILE,3,,,,,,,,,,,,,,,,,,,,,,,,,,,,,,,,,,
Param4,USE_MDFILE_AS_MAINPAGE,4,,,,,,,,,,,,,,,,,,,,,,,,,,,,,,,,,,
Param5,LAYOUT_FILE,5,,,,,,,,,,,,,,,,,,,,,,,,,,,,,,,,,,
Param6,INPUT ,6,,,,,,,,,,,,,,,,,,,,,,,,,,,,,,,,,,
,,,,,,,,,,,,,,,,,,,,,,,,,,,,,,,,,,,,
LayoutSettingParam,,,,,,,,,,,,,,,,,,,,,,,,,,,,,,,,,,,,
,tag,col,,,,,,,,,,,,,,,,,,,,,,,,,,,,,,,,,,
Param1,URL Setup,9,0,,,,,,,,,,,,,,,,,,,,,,,,,,,,,,,,,
Param2,URL Setup C++,10,1,,,,,,,,,,,,,,,,,,,,,,,,,,,,,,,,,
Param3,URL Setup Python,11,2,,,,,,,,,,,,,,,,,,,,,,,,,,,,,,,,,
Param4,URL Setup C#,12,3,,,,,,,,,,,,,,,,,,,,,,,,,,,,,,,,,
Param5,URL Setup Java,13,4,,,,,,,,,,,,,,,,,,,,,,,,,,,,,,,,,
Param6,URL Setup Java Script,14,5,,,,,,,,,,,,,,,,,,,,,,,,,,,,,,,,,
Param7,URL How to,15,6,,,,,,,,,,,,,,,,,,,,,,,,,,,,,,,,,
Param8,URL How to C++,16,7,,,,,,,,,,,,,,,,,,,,,,,,,,,,,,,,,
Param9,URL How to Python,17,8,,,,,,,,,,,,,,,,,,,,,,,,,,,,,,,,,
Param10,URL How to C#,18,9,,,,,,,,,,,,,,,,,,,,,,,,,,,,,,,,,
Param11,URL How to Java,19,10,,,,,,,,,,,,,,,,,,,,,,,,,,,,,,,,,
Param12,URL How to Java Script,20,11,,,,,,,,,,,,,,,,,,,,,,,,,,,,,,,,,
Param13,URL License,21,12,,,,,,,,,,,,,,,,,,,,,,,,,,,,,,,,,
Param14,TITLE Setup,22,13,,,,,,,,,,,,,,,,,,,,,,,,,,,,,,,,,
Param15,TITLE Setup C++,23,14,,,,,,,,,,,,,,,,,,,,,,,,,,,,,,,,,
Param16,TITLE Setup Python,24,15,,,,,,,,,,,,,,,,,,,,,,,,,,,,,,,,,
Param17,TITLE Setup C#,25,16,,,,,,,,,,,,,,,,,,,,,,,,,,,,,,,,,
Param18,TITLE Setup Java,26,17,,,,,,,,,,,,,,,,,,,,,,,,,,,,,,,,,
Param19,TITLE Setup Java Script,27,18,,,,,,,,,,,,,,,,,,,,,,,,,,,,,,,,,
Param20,TITLE How to,28,19,,,,,,,,,,,,,,,,,,,,,,,,,,,,,,,,,
Param21,TITLE How to C++,29,20,,,,,,,,,,,,,,,,,,,,,,,,,,,,,,,,,
Param22,TITLE How to Python,30,21,,,,,,,,,,,,,,,,,,,,,,,,,,,,,,,,,
Param23,TITLE How to C#,31,22,,,,,,,,,,,,,,,,,,,,,,,,,,,,,,,,,
Param24,TITLE How to Java,32,23,,,,,,,,,,,,,,,,,,,,,,,,,,,,,,,,,
Param25,TITLE How to Java Script,33,24,,,,,,,,,,,,,,,,,,,,,,,,,,,,,,,,,
Param26,TITLE License,34,25,,,,,,,,,,,,,,,,,,,,,,,,,,,,,,,,,
,,,,,,,,,,,,,,,,,,,,,,,,,,,,,,,,,,,,
HeaderSettingParam,,,,,,,,,,,,,,,,,,,,,,,,,,,,,,,,,,,,
,tag,col,,,,,,,,,,,,,,,,,,,,,,,,,,,,,,,,,,
Param1,OUTPUT_LANGUAGE,1,,,,,,,,,,,,,,,,,,,,,,,,,,,,,,,,,,
Param2,OUTPUT_DIRECTORY,2,,,,,,,,,,,,,,,,,,,,,,,,,,,,,,,,,,
Param3,WARN_LOGFILE,3,,,,,,,,,,,,,,,,,,,,,,,,,,,,,,,,,,
Param4,USE_MDFILE_AS_MAINPAGE,4,,,,,,,,,,,,,,,,,,,,,,,,,,,,,,,,,,
,,,,,,,,,,,,,,,,,,,,,,,,,,,,,,,,,,,,
CustomScriptSettingParam,,,,,,,,,,,,,,,,,,,,,,,,,,,,,,,,,,,,
,tag,col,,,,,,,,,,,,,,,,,,,,,,,,,,,,,,,,,,
Param1,OUTPUT_LANGUAGE,1,,,,,,,,,,,,,,,,,,,,,,,,,,,,,,,,,,
Param2,OUTPUT_DIRECTORY,2,,,,,,,,,,,,,,,,,,,,,,,,,,,,,,,,,,
Param3,WARN_LOGFILE,3,,,,,,,,,,,,,,,,,,,,,,,,,,,,,,,,,,
Param4,USE_MDFILE_AS_MAINPAGE,4,,,,,,,,,,,,,,,,,,,,,,,,,,,,,,,,,,
,,,,,,,,,,,,,,,,,,,,,,,,,,,,,,,,,,,,
OpenBatch,,,,,,,,,,,,,,,,,,,,,,,,,,,,,,,,,,,,
,tag,col,,,,,,,,,,,,,,,,,,,,,,,,,,,,,,,,,,
Param1,OUTPUT_DIRECTORY,2,,,,,,,,,,,,,,,,,,,,,,,,,,,,,,,,,,
Param2,Open Name,8,,,,,,,,,,,,,,,,,,,,,,,,,,,,,,,,,,
,,,,,,,,,,,,,,,,,,,,,,,,,,,,,,,,,,,,
RemoveBatch,,,,,,,,,,,,,,,,,,,,,,,,,,,,,,,,,,,,
,tag,col,,,,,,,,,,,,,,,,,,,,,,,,,,,,,,,,,,
Param1,OUTPUT_LANGUAGE,1,,,,,,,,,,,,,,,,,,,,,,,,,,,,,,,,,,
Param2,OUTPUT_DIRECTORY,2,,,,,,,,,,,,,,,,,,,,,,,,,,,,,,,,,,
Param3,WARN_LOGFILE,3,,,,,,,,,,,,,,,,,,,,,,,,,,,,,,,,,,
Param4,USE_MDFILE_AS_MAINPAGE,4,,,,,,,,,,,,,,,,,,,,,,,,,,,,,,,,,,
,,,,,,,doxy/layout_,"api core platform resource ""doc/",,,md_doc_2,md_doc_2,md_doc_2,md_doc_2,md_doc_2,md_doc_2,md_doc_2,md_doc_2,md_doc_2,md_doc_2,md_doc_2,md_doc_2,md_doc_2,,,,,,,,,,,,,
〇 Contents,,,,,,,.xml,"""",,,_2_s_e_t_u_p.html,_2setup_2cpp.html,_2setup_2py.html,_2setup_2cs.html,_2setup_2java.html,_2setup_2js.html,_2_h_o_w_t_o.html,_2howto_2cpp.html,_2howto_2py.html,_2howto_2cs.html,_2howto_2java.html,_2howto_2js.html,_2_l_i_c_e_n_s_e.html,,,,,,,,,,,,,
,,,Doxygen,,,,,,,Batch,Layoutfiles MD faile URL,,,,,,,,,,,,,Layoutfiles Title,,,,,,,,,,,,
Jp,Language,Code,OUTPUT_LANGUAGE,OUTPUT_DIRECTORY,WARN_LOGFILE,USE_MDFILE_AS_MAINPAGE,LAYOUT_FILE,INPUT ,Doxyfile,Open Name,URL Setup,URL Setup C++,URL Setup Python,URL Setup C#,URL Setup Java,URL Setup Java Script,URL How to,URL How to C++,URL How to Python,URL How to C#,URL How to Java,URL How to Java Script,URL License,TITLE Setup,TITLE Setup C++,TITLE Setup Python,TITLE Setup C#,TITLE Setup Java,TITLE Setup Java Script,TITLE How to,TITLE How to C++,TITLE How to Python,TITLE How to C#,TITLE How to Java,TITLE How to Java Script,TITLE License
日本語,日本語,ja,Japanese,doxy/lang_ja,doxy/doxygen_warnings_ja.log,doc/ja/README.md,doxy/layout_ja.xml,"api core platform resource ""doc/ja"" ""doc/design/ja"" ""doc/en"" ""doc/design/en"" ""tools/pi"" ""doxy/README.md""",doxyfile.ja,open_ja.bat,md_doc_2ja_2_s_e_t_u_p.html,,,,,,md_doc_2ja_2_h_o_w_t_o.html,md_doc_2ja_2howto_2cpp.html,,,,,md_doc_2ja_2_l_i_c_e_n_s_e.html,環境設定,,,,,,使い方,C++,,,,,知的財産
英語,English,en,English,doxy/lang_en,doxy/doxygen_warnings_en.log,doc/en/README.md,doxy/layout_en.xml,"api core platform resource ""doc/en"" ""doc/design/en"" ""tools/pi"" ""doxy/README.md""",doxyfile.en,open_en.bat,md_doc_2en_2_s_e_t_u_p.html,,,,,,md_doc_2en_2_h_o_w_t_o.html,md_doc_2en_2howto_2cpp.html,,,,,md_doc_2en_2_l_i_c_e_n_s_e.html,Setup,,,,,,How to use,C++,,,,,License
,,,,,,,,,,,,,,,,,,,,,,,,,,,,,,,,,,,,
,,,,,,,,,,,,,,,,,,,,,,,,,,,,,,,,,,,,
,,,,,,,,,,,,,,,,,,,,,,,,,,,,,,,,,,,,
